{
	"animeName":"blue-beat",
	"percentageMax":"0.2",
	"totalFrame":"41",
	"width":"200",
	"height":"360",
	"headHeight":"172",
	"headPosY":"38",
	"legsHeight":"102",
	"legsPosY":"258",
	"arrayFrame":[
		{"prop":"0,360,0,0",		"legs":"600,1048"},
		{"prop":"200,360,0,0",		"legs":"600,1048"},
		{"prop":"200,360,0,0",		"legs":"600,1048"},
		{"prop":"400,360,0,0",		"legs":"600,1048"},
		{"prop":"400,360,-1,2",		"legs":"0,1220"},
		{"prop":"400,360,-1,2",		"legs":"0,1220"},
		{"prop":"600,360,-1,2",		"legs":"0,1220"},
		{"prop":"600,360,0,0",		"legs":"600,1048"},
		{"prop":"0,532,0,0",		"legs":"600,1048"},
		{"prop":"0,532,0,0",		"legs":"600,1048"},
		{"prop":"200,532,0,0",		"legs":"600,1048"},
		{"prop":"200,532,0,0",		"legs":"600,1048"},
		{"prop":"400,532,0,0",		"legs":"600,1048"},
		{"prop":"400,532,0,0",		"legs":"600,1048"},
		{"prop":"600,532,0,0",		"legs":"600,1048"},
		{"prop":"600,532,1,2",		"legs":"0,1220"},
		{"prop":"0,704,1,2",		"legs":"0,1220"},
		{"prop":"0,704,1,2",		"legs":"0,1220"},
		{"prop":"200,704,1,2",		"legs":"0,1220"},
		{"prop":"200,704,0,0",		"legs":"600,1048"},
		{"prop":"400,704,0,0",		"legs":"600,1048"},
		{"prop":"400,704,0,0",		"legs":"600,1048"},
		{"prop":"600,704,0,0",		"legs":"600,1048"},
		{"prop":"600,704,0,0",		"legs":"600,1048"},
		{"prop":"0,876,0,0",		"legs":"600,1048"},
		{"prop":"0,876,-1,2",		"legs":"0,1220"},
		{"prop":"0,876,-1,2",		"legs":"0,1220"},
		{"prop":"200,876,-1,2",		"legs":"0,1220"},
		{"prop":"200,876,0,0",		"legs":"600,1048"},
		{"prop":"400,876,0,0",		"legs":"600,1048"},
		{"prop":"400,876,0,0",		"legs":"600,1048"},
		{"prop":"600,876,0,0",		"legs":"600,1048"},
		{"prop":"600,876,0,0",		"legs":"600,1048"},
		{"prop":"600,876,0,0",		"legs":"600,1048"},
		{"prop":"600,876,0,0",		"legs":"600,1048"},
		{"prop":"0,1048,0,0",		"legs":"600,1048"},
		{"prop":"0,1048,1,4",		"legs":"200,1220"},
		{"prop":"200,1048,1,4",		"legs":"200,1220"},
		{"prop":"400,1048,1,4",		"legs":"200,1220"},
		{"prop":"400,1048,0,0",		"legs":"600,1048"},
		{"prop":"0,360,0,0",		"legs":"600,1048"}
	]
}