{
	"animeName":"blue-melo",
	"percentageMax":"0.2",
	"totalFrame":"84",
	"width":"200",
	"height":"360",
	"headHeight":"167",
	"headPosY":"36",
	"legsHeight":"107",
	"legsPosY":"253",
	"arrayFrame":[
		{"prop":"0,360,0,0",		"legs":"200,1028"},
		{"prop":"0,360,0,0",		"legs":"200,1028"},
		{"prop":"0,360,0,0",		"legs":"200,1028"},
		{"prop":"0,360,0,0",		"legs":"200,1028"},
		{"prop":"0,360,0,0",		"legs":"200,1028"},
		{"prop":"0,360,0,0",		"legs":"200,1028"},
		{"prop":"0,360,0,0",		"legs":"200,1028"},
		{"prop":"0,360,0,0",		"legs":"200,1028"},
		{"prop":"0,360,0,0",		"legs":"200,1028"},
		{"prop":"0,360,0,0",		"legs":"200,1028"},
		{"prop":"0,360,0,0",		"legs":"200,1028"},
		{"prop":"0,360,0,0",		"legs":"200,1028"},
		{"prop":"0,360,0,0",		"legs":"200,1028"},
		{"prop":"0,360,0,0",		"legs":"200,1028"},
		{"prop":"0,360,0,0",		"legs":"200,1028"},
		{"prop":"0,360,0,0",		"legs":"200,1028"},
		{"prop":"0,360,0,0",		"legs":"200,1028"},
		{"prop":"0,360,0,0",		"legs":"200,1028"},
		{"prop":"0,360,0,0",		"legs":"200,1028"},
		{"prop":"0,360,0,0",		"legs":"200,1028"},
		{"prop":"0,360,0,0",		"legs":"200,1028"},
		{"prop":"0,360,0,0",		"legs":"200,1028"},
		{"prop":"0,360,0,0",		"legs":"200,1028"},
		{"prop":"0,360,0,0",		"legs":"200,1028"},
		{"prop":"0,360,0,0",		"legs":"200,1028"},
		{"prop":"0,360,0,0",		"legs":"200,1028"},
		{"prop":"0,360,0,0",		"legs":"200,1028"},
		{"prop":"0,360,0,0",		"legs":"200,1028"},
		{"prop":"0,360,0,0",		"legs":"200,1028"},
		{"prop":"0,360,0,0",		"legs":"200,1028"},
		{"prop":"0,360,0,0",		"legs":"200,1028"},
		{"prop":"0,360,0,0",		"legs":"200,1028"},
		{"prop":"0,360,0,0",		"legs":"200,1028"},
		{"prop":"0,360,0,0",		"legs":"200,1028"},
		{"prop":"0,360,0,0",		"legs":"200,1028"},
		{"prop":"0,360,0,0",		"legs":"200,1028"},
		{"prop":"0,360,0,0",		"legs":"200,1028"},
		{"prop":"0,360,0,0",		"legs":"200,1028"},
		{"prop":"0,360,0,0",		"legs":"200,1028"},
		{"prop":"0,360,0,0",		"legs":"200,1028"},
		{"prop":"0,360,0,0",		"legs":"200,1028"},
		{"prop":"0,360,0,0",		"legs":"200,1028"},
		{"prop":"0,360,0,0",		"legs":"200,1028"},
		{"prop":"0,360,0,0",		"legs":"200,1028"},
		{"prop":"0,360,0,0",		"legs":"200,1028"},
		{"prop":"0,360,0,0",		"legs":"200,1028"},
		{"prop":"200,360,0,8",		"legs":"400,1028"},
		{"prop":"200,360,0,7.2",		"legs":"600,1028"},
		{"prop":"400,360,0,4.75",		"legs":"0,1195"},
		{"prop":"400,360,0,0.7",		"legs":"0,1195"},
		{"prop":"600,360,0,-5",		"legs":"200,1195"},
		{"prop":"600,360,0,-5",		"legs":"200,1195"},
		{"prop":"0,527,0,0",		"legs":"200,1028"},
		{"prop":"0,527,0,0",		"legs":"200,1028"},
		{"prop":"0,527,0,0",		"legs":"200,1028"},
		{"prop":"0,527,0,0",		"legs":"200,1028"},
		{"prop":"200,527,2,-4",		"legs":"200,1195"},
		{"prop":"200,527,2,-4",		"legs":"200,1195"},
		{"prop":"400,527,0,0",		"legs":"200,1028"},
		{"prop":"400,527,0,0",		"legs":"200,1028"},
		{"prop":"600,527,0,0",		"legs":"200,1028"},
		{"prop":"600,527,0,0",		"legs":"200,1028"},
		{"prop":"0,694,-2,-4",		"legs":"200,1195"},
		{"prop":"200,694,-2,-4",		"legs":"200,1195"},
		{"prop":"400,527,0,0",		"legs":"200,1028"},
		{"prop":"400,694,0,0",		"legs":"200,1028"},
		{"prop":"400,694,0,0",		"legs":"200,1028"},
		{"prop":"600,694,0,0",		"legs":"200,1028"},
		{"prop":"600,694,0,0",		"legs":"200,1028"},
		{"prop":"600,694,0,0",		"legs":"200,1028"},
		{"prop":"0,861,0,4",		"legs":"400,1195"},
		{"prop":"200,861,0,4",		"legs":"400,1195"},
		{"prop":"200,861,0,4",		"legs":"400,1195"},
		{"prop":"0,861,0,4",		"legs":"400,1195"},
		{"prop":"400,861,0,9",		"legs":"600,1028"},
		{"prop":"400,861,0,7.5",		"legs":"600,1028"},
		{"prop":"600,861,0,6",		"legs":"0,1195"},
		{"prop":"600,861,0,4.5",		"legs":"0,1195"},
		{"prop":"0,1028,0,3",		"legs":"200,1028"},
		{"prop":"0,1028,0,1.5",		"legs":"200,1028"},
		{"prop":"0,360,0,0",		"legs":"200,1028"},
		{"prop":"0,360,0,0",		"legs":"200,1028"},
		{"prop":"0,360,0,0",		"legs":"200,1028"},
		{"prop":"0,360,0,0",		"legs":"200,1028"}
	]
}