{
	"animeName":"brown-beat",
	"percentageMax":"0.2",
	"totalFrame":"41",
	"width":"200",
	"height":"360",
	"headHeight":"105",
	"headPosY":"78",
	"legsHeight":"120",
	"legsPosY":"240",
	"arrayFrame":[
		{"prop":"0,360,0,0",		"legs":"200,570"},
		{"prop":"0,360,0,0",		"legs":"200,570"},
		{"prop":"0,360,0,0",		"legs":"200,570"},
		{"prop":"200,360,0,8",		"legs":"400,570"},
		{"prop":"200,360,0,8",		"legs":"400,570"},
		{"prop":"400,360,0,8",		"legs":"400,570"},
		{"prop":"400,360,0,8",		"legs":"400,570"},
		{"prop":"400,360,0,8",		"legs":"400,570"},
		{"prop":"600,360,0,8",		"legs":"400,570"},
		{"prop":"600,360,0,8",		"legs":"400,570"},
		{"prop":"0,465,0,0",		"legs":"600,570"},
		{"prop":"0,465,0,0",		"legs":"600,570"},
		{"prop":"200,465,0,0",		"legs":"600,570"},
		{"prop":"200,465,0,0",		"legs":"600,570"},
		{"prop":"200,465,0,0",		"legs":"600,570"},
		{"prop":"400,465,0,-4",		"legs":"600,570"},
		{"prop":"400,465,0,-4",		"legs":"600,570"},
		{"prop":"400,465,0,-4",		"legs":"600,570"},
		{"prop":"600,465,0,-4",		"legs":"600,570"},
		{"prop":"600,465,0,-4",		"legs":"600,570"},
		{"prop":"0,570,0,0",		"legs":"200,570"},
		{"prop":"0,570,0,0",		"legs":"200,570"},
		{"prop":"0,360,0,0",		"legs":"200,570"},
		{"prop":"0,360,0,0",		"legs":"200,570"},
		{"prop":"0,360,0,0",		"legs":"200,570"},
		{"prop":"0,360,0,0",		"legs":"200,570"},
		{"prop":"0,360,0,0",		"legs":"200,570"},
		{"prop":"0,360,0,0",		"legs":"200,570"},
		{"prop":"0,360,0,0",		"legs":"200,570"},
		{"prop":"0,360,0,0",		"legs":"200,570"},
		{"prop":"0,360,0,0",		"legs":"200,570"},
		{"prop":"0,360,0,0",		"legs":"200,570"},
		{"prop":"0,360,0,0",		"legs":"200,570"},
		{"prop":"0,360,0,0",		"legs":"200,570"},
		{"prop":"0,360,0,0",		"legs":"200,570"},
		{"prop":"0,360,0,0",		"legs":"200,570"},
		{"prop":"0,360,0,0",		"legs":"200,570"},
		{"prop":"0,360,0,0",		"legs":"200,570"},
		{"prop":"0,360,0,0",		"legs":"200,570"},
		{"prop":"0,360,0,0",		"legs":"200,570"},
		{"prop":"0,360,0,0",		"legs":"200,570"}
	]
}