{
	"animeName":"green-voice",
	"percentageMax":"0.2",
	"totalFrame":"49",
	"width":"200",
	"height":"360",
	"headHeight":"124",
	"headPosY":"76",
	"legsHeight":"113",
	"legsPosY":"247",
	"arrayFrame":[
		{"prop":"0,360,0,0",		"legs":"400,856"},
		{"prop":"0,360,0,0",		"legs":"400,856"},
		{"prop":"200,360,0,0",		"legs":"400,856"},
		{"prop":"400,360,0,-2",		"legs":"600,856"},
		{"prop":"400,360,0,-2",		"legs":"600,856"},
		{"prop":"400,360,0,-2",		"legs":"600,856"},
		{"prop":"400,360,0,-2",		"legs":"600,856"},
		{"prop":"600,360,0,0",		"legs":"400,856"},
		{"prop":"600,360,0,0",		"legs":"400,856"},
		{"prop":"600,360,0,0",		"legs":"400,856"},
		{"prop":"600,360,0,0",		"legs":"400,856"},
		{"prop":"600,360,0,0",		"legs":"400,856"},
		{"prop":"0,484,0,4",		"legs":"0,980"},
		{"prop":"0,484,0,4",		"legs":"0,980"},
		{"prop":"200,484,0,4",		"legs":"0,980"},
		{"prop":"200,484,0,4",		"legs":"0,980"},
		{"prop":"200,484,0,4",		"legs":"0,980"},
		{"prop":"400,484,0,4",		"legs":"0,980"},
		{"prop":"400,484,0,4",		"legs":"0,980"},
		{"prop":"600,484,0,-4",		"legs":"600,856"},
		{"prop":"600,484,0,-4",		"legs":"600,856"},
		{"prop":"600,484,0,-4",		"legs":"600,856"},
		{"prop":"0,608,0,0",		"legs":"400,856"},
		{"prop":"0,608,0,0",		"legs":"400,856"},
		{"prop":"200,608,0,0",		"legs":"400,856"},
		{"prop":"200,608,0,0",		"legs":"400,856"},
		{"prop":"400,608,0,0",		"legs":"400,856"},
		{"prop":"400,608,0,0",		"legs":"400,856"},
		{"prop":"600,608,0,0",		"legs":"400,856"},
		{"prop":"600,608,0,3",		"legs":"0,980"},
		{"prop":"600,608,0,3",		"legs":"0,980"},
		{"prop":"600,608,0,3",		"legs":"0,980"},
		{"prop":"0,732,0,3",		"legs":"0,980"},
		{"prop":"0,732,0,3",		"legs":"0,980"},
		{"prop":"200,732,1,-4",		"legs":"200,980"},
		{"prop":"200,732,0.8,-3.2",		"legs":"200,980"},
		{"prop":"200,732,0.6,-2.4",		"legs":"600,856"},
		{"prop":"200,732,0.4,-1.6",		"legs":"400,856"},
		{"prop":"400,732,0.2,-0.8",		"legs":"400,856"},
		{"prop":"400,732,0,0",		"legs":"400,856"},
		{"prop":"600,732,0,0",		"legs":"400,856"},
		{"prop":"600,732,0,0",		"legs":"400,856"},
		{"prop":"0,856,0,0",		"legs":"400,856"},
		{"prop":"0,856,0,0",		"legs":"400,856"},
		{"prop":"0,856,0,-2",		"legs":"0,980"},
		{"prop":"0,856,0,-2",		"legs":"0,980"},
		{"prop":"200,856,0,0",		"legs":"400,856"},
		{"prop":"200,856,0,0",		"legs":"400,856"},
		{"prop":"0,360,0,0",		"legs":"400,856"}
	]
}