{
	"animeName":"green-melo",
	"percentageMax":"0.2",
	"totalFrame":"164",
	"width":"200",
	"height":"360",
	"headHeight":"129",
	"headPosY":"76",
	"legsHeight":"113",
	"legsPosY":"247",
	"arrayFrame":[
		{"prop":"0,360,0,0",		"legs":"0,1392"},
		{"prop":"0,360,0,0",		"legs":"0,1392"},
		{"prop":"0,360,0,0",		"legs":"0,1392"},
		{"prop":"0,360,0,0",		"legs":"0,1392"},
		{"prop":"0,360,0,0",		"legs":"0,1392"},
		{"prop":"0,360,0,0",		"legs":"0,1392"},
		{"prop":"200,360,0,0",		"legs":"0,1392"},
		{"prop":"200,360,0,0",		"legs":"0,1392"},
		{"prop":"400,360,0,2",		"legs":"200,1392"},
		{"prop":"400,360,0,2",		"legs":"200,1392"},
		{"prop":"600,360,0,2",		"legs":"200,1392"},
		{"prop":"600,360,0,2",		"legs":"200,1392"},
		{"prop":"600,360,0,2",		"legs":"200,1392"},
		{"prop":"600,360,0,2",		"legs":"200,1392"},
		{"prop":"600,360,0,2",		"legs":"200,1392"},
		{"prop":"600,360,0,2",		"legs":"200,1392"},
		{"prop":"0,489,0,2",		"legs":"200,1392"},
		{"prop":"0,489,0,2",		"legs":"200,1392"},
		{"prop":"200,489,0,2",		"legs":"200,1392"},
		{"prop":"200,489,0,2",		"legs":"200,1392"},
		{"prop":"200,489,0,2",		"legs":"200,1392"},
		{"prop":"200,489,0,2",		"legs":"200,1392"},
		{"prop":"200,489,0,2",		"legs":"200,1392"},
		{"prop":"400,489,0,-2",		"legs":"400,1392"},
		{"prop":"400,489,0,-2",		"legs":"400,1392"},
		{"prop":"600,489,0,-2",		"legs":"400,1392"},
		{"prop":"600,489,0,-2",		"legs":"400,1392"},
		{"prop":"0,618,0,-2",		"legs":"400,1392"},
		{"prop":"0,618,0,-2",		"legs":"400,1392"},
		{"prop":"0,618,0,-2",		"legs":"400,1392"},
		{"prop":"0,618,0,-2",		"legs":"400,1392"},
		{"prop":"0,618,0,-2",		"legs":"400,1392"},
		{"prop":"0,618,0,-2",		"legs":"400,1392"},
		{"prop":"0,618,0,-2",		"legs":"400,1392"},
		{"prop":"0,618,0,-2",		"legs":"400,1392"},
		{"prop":"0,618,0,-2",		"legs":"400,1392"},
		{"prop":"0,618,0,-2",		"legs":"400,1392"},
		{"prop":"0,618,0,-2",		"legs":"400,1392"},
		{"prop":"0,618,0,-2",		"legs":"400,1392"},
		{"prop":"0,618,0,-2",		"legs":"400,1392"},
		{"prop":"0,618,0,-2",		"legs":"400,1392"},
		{"prop":"200,618,0,-2",		"legs":"400,1392"},
		{"prop":"200,618,0,-2",		"legs":"400,1392"},
		{"prop":"200,618,0,-2",		"legs":"400,1392"},
		{"prop":"200,618,0,-2",		"legs":"400,1392"},
		{"prop":"200,618,0,-2",		"legs":"400,1392"},
		{"prop":"200,618,0,-2",		"legs":"400,1392"},
		{"prop":"200,618,0,-2",		"legs":"400,1392"},
		{"prop":"200,618,0,-2",		"legs":"400,1392"},
		{"prop":"400,618,0,-2",		"legs":"400,1392"},
		{"prop":"400,618,0,-2",		"legs":"400,1392"},
		{"prop":"600,618,0,0",		"legs":"0,1392"},
		{"prop":"600,618,0,0",		"legs":"0,1392"},
		{"prop":"0,747,0,0",		"legs":"0,1392"},
		{"prop":"0,747,0,0",		"legs":"0,1392"},
		{"prop":"0,747,0,0",		"legs":"0,1392"},
		{"prop":"0,747,0,0",		"legs":"0,1392"},
		{"prop":"0,747,0,0",		"legs":"0,1392"},
		{"prop":"0,747,0,0",		"legs":"0,1392"},
		{"prop":"200,747,0,0",		"legs":"0,1392"},
		{"prop":"200,747,0,0",		"legs":"0,1392"},
		{"prop":"0,360,0,0",		"legs":"0,1392"},
		{"prop":"0,360,0,0",		"legs":"0,1392"},
		{"prop":"400,747,0,0",		"legs":"0,1392"},
		{"prop":"400,747,0,0",		"legs":"0,1392"},
		{"prop":"600,747,-1,-1",		"legs":"400,1392"},
		{"prop":"600,747,-1,-1",		"legs":"400,1392"},
		{"prop":"0,876,1,-2",		"legs":"600,1392"},
		{"prop":"0,876,1,-2",		"legs":"600,1392"},
		{"prop":"0,876,1,-2",		"legs":"600,1392"},
		{"prop":"0,876,1,-2",		"legs":"600,1392"},
		{"prop":"0,876,1,-2",		"legs":"600,1392"},
		{"prop":"0,876,1,-2",		"legs":"600,1392"},
		{"prop":"0,876,1,-2",		"legs":"600,1392"},
		{"prop":"0,876,1,-2",		"legs":"600,1392"},
		{"prop":"0,876,1,-2",		"legs":"600,1392"},
		{"prop":"0,876,1,-2",		"legs":"600,1392"},
		{"prop":"0,876,1,-2",		"legs":"600,1392"},
		{"prop":"0,876,1,-2",		"legs":"600,1392"},
		{"prop":"0,876,1,-2",		"legs":"600,1392"},
		{"prop":"0,489,1,-2",		"legs":"600,1392"},
		{"prop":"0,489,1,-2",		"legs":"600,1392"},
		{"prop":"200,618,1,-2",		"legs":"600,1392"},
		{"prop":"200,618,1,-2",		"legs":"600,1392"},
		{"prop":"200,618,1,-2",		"legs":"600,1392"},
		{"prop":"200,618,1,-2",		"legs":"600,1392"},
		{"prop":"200,618,1,-2",		"legs":"600,1392"},
		{"prop":"200,618,1,-2",		"legs":"600,1392"},
		{"prop":"200,618,1,-2",		"legs":"600,1392"},
		{"prop":"200,876,1,-2",		"legs":"600,1392"},
		{"prop":"200,876,1,-2",		"legs":"600,1392"},
		{"prop":"600,747,0,2",		"legs":"200,1392"},
		{"prop":"600,747,0,2",		"legs":"200,1392"},
		{"prop":"400,876,0,2",		"legs":"200,1392"},
		{"prop":"400,876,0,2",		"legs":"200,1392"},
		{"prop":"400,876,0,2",		"legs":"200,1392"},
		{"prop":"400,876,0,2",		"legs":"200,1392"},
		{"prop":"400,876,0,2",		"legs":"200,1392"},
		{"prop":"400,876,0,2",		"legs":"200,1392"},
		{"prop":"600,876,0,2",		"legs":"200,1392"},
		{"prop":"600,876,0,2",		"legs":"200,1392"},
		{"prop":"0,1005,0,2",		"legs":"200,1392"},
		{"prop":"0,1005,0,2",		"legs":"200,1392"},
		{"prop":"400,489,0,2",		"legs":"200,1392"},
		{"prop":"400,489,0,2",		"legs":"200,1392"},
		{"prop":"200,1005,-1,-1",		"legs":"400,1392"},
		{"prop":"200,1005,-1,-1",		"legs":"400,1392"},
		{"prop":"400,1005,1,-2",		"legs":"600,1392"},
		{"prop":"400,1005,1,-2",		"legs":"600,1392"},
		{"prop":"400,1005,1,-2",		"legs":"600,1392"},
		{"prop":"400,1005,1,-2",		"legs":"600,1392"},
		{"prop":"400,1005,1,-2",		"legs":"600,1392"},
		{"prop":"400,1005,1,-2",		"legs":"600,1392"},
		{"prop":"400,1005,1,-2",		"legs":"600,1392"},
		{"prop":"400,1005,1,-2",		"legs":"600,1392"},
		{"prop":"400,1005,1,-2",		"legs":"600,1392"},
		{"prop":"400,1005,1,-2",		"legs":"600,1392"},
		{"prop":"400,1005,1,-2",		"legs":"600,1392"},
		{"prop":"400,1005,1,-2",		"legs":"600,1392"},
		{"prop":"400,1005,1,-2",		"legs":"600,1392"},
		{"prop":"600,1005,1,-2",		"legs":"600,1392"},
		{"prop":"600,1005,1,-2",		"legs":"600,1392"},
		{"prop":"0,1134,1,-2",		"legs":"600,1392"},
		{"prop":"0,1134,1,-2",		"legs":"600,1392"},
		{"prop":"0,1134,1,-2",		"legs":"600,1392"},
		{"prop":"0,1134,1,-2",		"legs":"600,1392"},
		{"prop":"0,1134,1,-2",		"legs":"600,1392"},
		{"prop":"0,1134,1,-2",		"legs":"600,1392"},
		{"prop":"0,1134,1,-2",		"legs":"600,1392"},
		{"prop":"0,1134,1,-2",		"legs":"600,1392"},
		{"prop":"200,360,1,-2",		"legs":"600,1392"},
		{"prop":"200,360,1,-2",		"legs":"600,1392"},
		{"prop":"200,1134,0,2",		"legs":"200,1392"},
		{"prop":"200,1134,0,2",		"legs":"200,1392"},
		{"prop":"400,1134,0,2",		"legs":"200,1392"},
		{"prop":"400,1134,0,2",		"legs":"200,1392"},
		{"prop":"400,1134,0,2",		"legs":"200,1392"},
		{"prop":"400,1134,0,2",		"legs":"200,1392"},
		{"prop":"400,1134,0,2",		"legs":"200,1392"},
		{"prop":"400,1134,0,2",		"legs":"200,1392"},
		{"prop":"600,1134,0,2",		"legs":"200,1392"},
		{"prop":"600,1134,0,2",		"legs":"200,1392"},
		{"prop":"0,1263,0,2",		"legs":"200,1392"},
		{"prop":"0,1263,0,2",		"legs":"200,1392"},
		{"prop":"200,1263,0,2",		"legs":"200,1392"},
		{"prop":"200,1263,0,2",		"legs":"200,1392"},
		{"prop":"600,360,0,2",		"legs":"200,1392"},
		{"prop":"600,360,0,2",		"legs":"200,1392"},
		{"prop":"400,1263,0,0",		"legs":"0,1392"},
		{"prop":"400,1263,0,0",		"legs":"0,1392"},
		{"prop":"400,1263,0,0",		"legs":"0,1392"},
		{"prop":"400,1263,0,0",		"legs":"0,1392"},
		{"prop":"400,1263,0,0",		"legs":"0,1392"},
		{"prop":"400,1263,0,0",		"legs":"0,1392"},
		{"prop":"400,1263,0,0",		"legs":"0,1392"},
		{"prop":"400,1263,0,0",		"legs":"0,1392"},
		{"prop":"400,1263,0,0",		"legs":"0,1392"},
		{"prop":"400,1263,0,0",		"legs":"0,1392"},
		{"prop":"400,1263,0,0",		"legs":"0,1392"},
		{"prop":"400,1263,0,0",		"legs":"0,1392"},
		{"prop":"400,1263,0,0",		"legs":"0,1392"},
		{"prop":"600,1263,0,0",		"legs":"0,1392"},
		{"prop":"600,1263,0,0",		"legs":"0,1392"},
		{"prop":"0,360,0,0",		"legs":"0,1392"}
	]
}