{
	"animeName":"orange-beat",
	"percentageMax":"0.2",
	"totalFrame":"82",
	"width":"200",
	"height":"360",
	"headHeight":"129",
	"headPosY":"89",
	"legsHeight":"105",
	"legsPosY":"255",
	"arrayFrame":[
		{"prop":"0,360,0,0",		"legs":"400,1005"},
		{"prop":"200,360,0,2",		"legs":"600,1005"},
		{"prop":"200,360,0,2",		"legs":"600,1005"},
		{"prop":"400,360,0,2",		"legs":"600,1005"},
		{"prop":"400,360,0,2",		"legs":"600,1005"},
		{"prop":"600,360,0,2",		"legs":"600,1005"},
		{"prop":"600,360,0,2",		"legs":"600,1005"},
		{"prop":"600,360,0,2",		"legs":"600,1005"},
		{"prop":"0,489,0,2",		"legs":"600,1005"},
		{"prop":"0,489,0,2",		"legs":"600,1005"},
		{"prop":"200,489,0,4",		"legs":"0,1134"},
		{"prop":"200,489,0,4",		"legs":"0,1134"},
		{"prop":"400,489,0,4",		"legs":"0,1134"},
		{"prop":"400,489,0,4",		"legs":"0,1134"},
		{"prop":"600,489,0,4",		"legs":"0,1134"},
		{"prop":"600,489,0,4",		"legs":"0,1134"},
		{"prop":"600,489,0,4",		"legs":"0,1134"},
		{"prop":"0,618,0,4",		"legs":"0,1134"},
		{"prop":"0,618,0,4",		"legs":"0,1134"},
		{"prop":"200,618,0,6",		"legs":"200,1134"},
		{"prop":"200,618,0,6",		"legs":"200,1134"},
		{"prop":"200,618,0,6",		"legs":"200,1134"},
		{"prop":"400,618,0,6",		"legs":"200,1134"},
		{"prop":"400,618,0,6",		"legs":"200,1134"},
		{"prop":"600,618,0,6",		"legs":"200,1134"},
		{"prop":"600,618,0,6",		"legs":"200,1134"},
		{"prop":"0,747,0,6",		"legs":"200,1134"},
		{"prop":"0,747,0,6",		"legs":"200,1134"},
		{"prop":"0,747,0,6",		"legs":"200,1134"},
		{"prop":"200,747,0,8",		"legs":"400,1134"},
		{"prop":"200,747,0,8",		"legs":"400,1134"},
		{"prop":"400,747,0,8",		"legs":"400,1134"},
		{"prop":"400,747,0,8",		"legs":"400,1134"},
		{"prop":"600,747,0,8",		"legs":"400,1134"},
		{"prop":"0,876,0,8",		"legs":"400,1134"},
		{"prop":"0,876,0,8",		"legs":"400,1134"},
		{"prop":"0,876,0,8",		"legs":"400,1134"},
		{"prop":"200,876,0,5.35",		"legs":"200,1134"},
		{"prop":"200,876,0,2.65",		"legs":"600,1005"},
		{"prop":"400,876,0,0",		"legs":"400,1005"},
		{"prop":"0,360,0,0",		"legs":"400,1005"},
		{"prop":"0,360,0,2",		"legs":"600,1005"},
		{"prop":"200,360,0,2",		"legs":"600,1005"},
		{"prop":"200,360,0,2",		"legs":"600,1005"},
		{"prop":"400,360,0,2",		"legs":"600,1005"},
		{"prop":"400,360,0,2",		"legs":"600,1005"},
		{"prop":"600,360,0,2",		"legs":"600,1005"},
		{"prop":"600,360,0,2",		"legs":"600,1005"},
		{"prop":"600,360,0,2",		"legs":"600,1005"},
		{"prop":"0,489,0,2",		"legs":"600,1005"},
		{"prop":"0,489,0,4",		"legs":"0,1134"},
		{"prop":"200,489,0,4",		"legs":"0,1134"},
		{"prop":"200,489,0,4",		"legs":"0,1134"},
		{"prop":"400,489,0,4",		"legs":"0,1134"},
		{"prop":"400,489,0,4",		"legs":"0,1134"},
		{"prop":"600,489,0,4",		"legs":"0,1134"},
		{"prop":"600,489,0,4",		"legs":"0,1134"},
		{"prop":"600,489,0,4",		"legs":"0,1134"},
		{"prop":"0,618,0,4",		"legs":"0,1134"},
		{"prop":"0,618,0,6",		"legs":"200,1134"},
		{"prop":"200,618,0,6",		"legs":"200,1134"},
		{"prop":"200,618,0,6",		"legs":"200,1134"},
		{"prop":"200,618,0,6",		"legs":"200,1134"},
		{"prop":"400,618,0,6",		"legs":"200,1134"},
		{"prop":"400,618,0,6",		"legs":"200,1134"},
		{"prop":"600,618,0,6",		"legs":"200,1134"},
		{"prop":"600,618,0,6",		"legs":"200,1134"},
		{"prop":"0,747,0,6",		"legs":"200,1134"},
		{"prop":"0,747,0,6",		"legs":"200,1134"},
		{"prop":"0,747,0,8",		"legs":"400,1134"},
		{"prop":"200,747,0,8",		"legs":"400,1134"},
		{"prop":"200,747,0,8",		"legs":"400,1134"},
		{"prop":"400,747,0,8",		"legs":"400,1134"},
		{"prop":"400,747,0,8",		"legs":"400,1134"},
		{"prop":"600,747,0,8",		"legs":"400,1134"},
		{"prop":"600,876,0,8",		"legs":"400,1134"},
		{"prop":"600,876,0,8",		"legs":"400,1134"},
		{"prop":"600,876,0,8",		"legs":"200,1134"},
		{"prop":"0,1005,0,4",		"legs":"600,1005"},
		{"prop":"0,1005,0,0",		"legs":"400,1005"},
		{"prop":"200,1005,0,0",		"legs":"400,1005"},
		{"prop":"200,1005,0,0",		"legs":"400,1005"}
	]
}