{
	"animeName":"red-effect",
	"percentageMax":"0.2",
	"totalFrame":"158",
	"width":"200",
	"height":"360",
	"headHeight":"137",
	"headPosY":"97",
	"legsHeight":"100",
	"legsPosY":"260",
	"arrayFrame":[
		{"prop":"0,360,0,0",		"legs":"200,1045"},
		{"prop":"0,360,0,0",		"legs":"200,1045"},
		{"prop":"0,360,0,0",		"legs":"200,1045"},
		{"prop":"0,360,0,0",		"legs":"200,1045"},
		{"prop":"0,360,0,0",		"legs":"200,1045"},
		{"prop":"0,360,0,0",		"legs":"200,1045"},
		{"prop":"200,360,0,0",		"legs":"200,1045"},
		{"prop":"200,360,0,0",		"legs":"200,1045"},
		{"prop":"400,360,0,-3",		"legs":"400,1045"},
		{"prop":"400,360,0,-2.5",		"legs":"400,1045"},
		{"prop":"600,360,0,-2",		"legs":"400,1045"},
		{"prop":"600,360,0,-1.5",		"legs":"400,1045"},
		{"prop":"600,360,0,-1",		"legs":"200,1045"},
		{"prop":"600,360,0,-0.5",		"legs":"200,1045"},
		{"prop":"0,497,0,0",		"legs":"200,1045"},
		{"prop":"0,497,0,0",		"legs":"200,1045"},
		{"prop":"200,497,0,0",		"legs":"200,1045"},
		{"prop":"200,497,0,0",		"legs":"200,1045"},
		{"prop":"400,497,0,0",		"legs":"200,1045"},
		{"prop":"400,497,0,0",		"legs":"200,1045"},
		{"prop":"400,497,0,0",		"legs":"200,1045"},
		{"prop":"400,497,0,0",		"legs":"200,1045"},
		{"prop":"400,497,0,0",		"legs":"200,1045"},
		{"prop":"400,497,0,0",		"legs":"200,1045"},
		{"prop":"400,497,0,0",		"legs":"200,1045"},
		{"prop":"600,497,0,0",		"legs":"200,1045"},
		{"prop":"600,497,0,0",		"legs":"200,1045"},
		{"prop":"0,634,-2,2",		"legs":"600,1045"},
		{"prop":"0,634,-2,2",		"legs":"600,1045"},
		{"prop":"200,634,2,3",		"legs":"0,1182"},
		{"prop":"200,634,2,3",		"legs":"0,1182"},
		{"prop":"200,634,0,0",		"legs":"200,1045"},
		{"prop":"400,634,0,0",		"legs":"200,1045"},
		{"prop":"400,634,0,0",		"legs":"200,1045"},
		{"prop":"600,634,0,0",		"legs":"200,1045"},
		{"prop":"600,634,0,0",		"legs":"200,1045"},
		{"prop":"0,771,0,0",		"legs":"200,1045"},
		{"prop":"0,771,0,0",		"legs":"200,1045"},
		{"prop":"0,771,0,0",		"legs":"200,1045"},
		{"prop":"200,771,0,0",		"legs":"200,1045"},
		{"prop":"200,771,0,0",		"legs":"200,1045"},
		{"prop":"200,771,0,0",		"legs":"200,1045"},
		{"prop":"0,771,0,0",		"legs":"200,1045"},
		{"prop":"0,771,0,0",		"legs":"200,1045"},
		{"prop":"0,771,0,0",		"legs":"200,1045"},
		{"prop":"200,771,0,0",		"legs":"200,1045"},
		{"prop":"200,771,0,0",		"legs":"200,1045"},
		{"prop":"200,771,0,0",		"legs":"200,1045"},
		{"prop":"400,771,0,0",		"legs":"200,1045"},
		{"prop":"400,771,0,0",		"legs":"200,1045"},
		{"prop":"600,771,0,-4",		"legs":"400,1045"},
		{"prop":"600,771,0,-2.65",		"legs":"400,1045"},
		{"prop":"600,771,0,-1.35",		"legs":"200,1045"},
		{"prop":"0,908,0,0",		"legs":"200,1045"},
		{"prop":"0,908,0,0",		"legs":"200,1045"},
		{"prop":"0,360,0,0",		"legs":"200,1045"},
		{"prop":"0,360,0,0",		"legs":"200,1045"},
		{"prop":"0,360,0,0",		"legs":"200,1045"},
		{"prop":"0,908,0,0",		"legs":"200,1045"},
		{"prop":"0,908,0,0",		"legs":"200,1045"},
		{"prop":"0,908,0,0",		"legs":"200,1045"},
		{"prop":"0,360,0,0",		"legs":"200,1045"},
		{"prop":"0,360,0,0",		"legs":"200,1045"},
		{"prop":"0,360,0,0",		"legs":"200,1045"},
		{"prop":"200,908,0,0",		"legs":"200,1045"},
		{"prop":"200,908,0,0",		"legs":"200,1045"},
		{"prop":"200,908,0,0",		"legs":"200,1045"},
		{"prop":"200,908,0,0",		"legs":"200,1045"},
		{"prop":"400,908,-2,2",		"legs":"600,1045"},
		{"prop":"400,908,-2,2",		"legs":"600,1045"},
		{"prop":"600,908,2,3",		"legs":"0,1182"},
		{"prop":"600,908,2,3",		"legs":"0,1182"},
		{"prop":"0,1045,0,0",		"legs":"200,1045"},
		{"prop":"0,1045,0,0",		"legs":"200,1045"},
		{"prop":"0,1045,0,0",		"legs":"200,1045"},
		{"prop":"0,771,0,0",		"legs":"200,1045"},
		{"prop":"0,771,0,0",		"legs":"200,1045"},
		{"prop":"0,771,0,0",		"legs":"200,1045"},
		{"prop":"0,771,0,0",		"legs":"200,1045"},
		{"prop":"0,771,0,0",		"legs":"200,1045"},
		{"prop":"200,771,0,0",		"legs":"200,1045"},
		{"prop":"200,771,0,0",		"legs":"200,1045"},
		{"prop":"200,771,0,0",		"legs":"200,1045"},
		{"prop":"0,771,0,0",		"legs":"200,1045"},
		{"prop":"0,771,0,0",		"legs":"200,1045"},
		{"prop":"0,771,0,0",		"legs":"200,1045"},
		{"prop":"200,771,0,0",		"legs":"200,1045"},
		{"prop":"200,771,0,0",		"legs":"200,1045"},
		{"prop":"200,771,0,0",		"legs":"200,1045"},
		{"prop":"400,771,0,0",		"legs":"200,1045"},
		{"prop":"400,771,0,0",		"legs":"200,1045"},
		{"prop":"600,771,0,-4",		"legs":"400,1045"},
		{"prop":"600,771,0,-2.65",		"legs":"400,1045"},
		{"prop":"600,771,0,-1.35",		"legs":"200,1045"},
		{"prop":"0,908,0,0",		"legs":"200,1045"},
		{"prop":"0,908,0,0",		"legs":"200,1045"},
		{"prop":"0,360,0,0",		"legs":"200,1045"},
		{"prop":"0,360,0,0",		"legs":"200,1045"},
		{"prop":"0,360,0,0",		"legs":"200,1045"},
		{"prop":"0,908,0,0",		"legs":"200,1045"},
		{"prop":"0,908,0,0",		"legs":"200,1045"},
		{"prop":"0,908,0,0",		"legs":"200,1045"},
		{"prop":"0,360,0,0",		"legs":"200,1045"},
		{"prop":"0,360,0,0",		"legs":"200,1045"},
		{"prop":"0,360,0,0",		"legs":"200,1045"},
		{"prop":"200,908,0,0",		"legs":"200,1045"},
		{"prop":"200,908,0,0",		"legs":"200,1045"},
		{"prop":"200,908,0,0",		"legs":"200,1045"},
		{"prop":"200,908,0,0",		"legs":"200,1045"},
		{"prop":"400,908,-2,2",		"legs":"600,1045"},
		{"prop":"400,908,-2,2",		"legs":"600,1045"},
		{"prop":"600,908,2,3",		"legs":"0,1182"},
		{"prop":"600,908,2,3",		"legs":"0,1182"},
		{"prop":"0,1045,0,0",		"legs":"200,1045"},
		{"prop":"0,1045,0,0",		"legs":"200,1045"},
		{"prop":"0,1045,0,0",		"legs":"200,1045"},
		{"prop":"0,771,0,0",		"legs":"200,1045"},
		{"prop":"0,771,0,0",		"legs":"200,1045"},
		{"prop":"0,771,0,0",		"legs":"200,1045"},
		{"prop":"0,771,0,0",		"legs":"200,1045"},
		{"prop":"0,771,0,0",		"legs":"200,1045"},
		{"prop":"200,771,0,0",		"legs":"200,1045"},
		{"prop":"200,771,0,0",		"legs":"200,1045"},
		{"prop":"200,771,0,0",		"legs":"200,1045"},
		{"prop":"0,771,0,0",		"legs":"200,1045"},
		{"prop":"0,771,0,0",		"legs":"200,1045"},
		{"prop":"0,771,0,0",		"legs":"200,1045"},
		{"prop":"200,771,0,0",		"legs":"200,1045"},
		{"prop":"200,771,0,0",		"legs":"200,1045"},
		{"prop":"200,771,0,0",		"legs":"200,1045"},
		{"prop":"400,771,0,0",		"legs":"200,1045"},
		{"prop":"400,771,0,0",		"legs":"200,1045"},
		{"prop":"600,771,0,-4",		"legs":"400,1045"},
		{"prop":"600,771,0,-2.65",		"legs":"400,1045"},
		{"prop":"600,771,0,-1.35",		"legs":"200,1045"},
		{"prop":"0,908,0,0",		"legs":"200,1045"},
		{"prop":"0,908,0,0",		"legs":"200,1045"},
		{"prop":"0,360,0,0",		"legs":"200,1045"},
		{"prop":"0,360,0,0",		"legs":"200,1045"},
		{"prop":"0,360,0,0",		"legs":"200,1045"},
		{"prop":"0,908,0,0",		"legs":"200,1045"},
		{"prop":"0,908,0,0",		"legs":"200,1045"},
		{"prop":"0,908,0,0",		"legs":"200,1045"},
		{"prop":"0,360,0,0",		"legs":"200,1045"},
		{"prop":"0,360,0,0",		"legs":"200,1045"},
		{"prop":"0,360,0,0",		"legs":"200,1045"},
		{"prop":"200,908,0,0",		"legs":"200,1045"},
		{"prop":"200,908,0,0",		"legs":"200,1045"},
		{"prop":"200,908,0,0",		"legs":"200,1045"},
		{"prop":"200,908,0,0",		"legs":"200,1045"},
		{"prop":"400,908,-2,2",		"legs":"600,1045"},
		{"prop":"400,908,-2,2",		"legs":"600,1045"},
		{"prop":"600,908,2,3",		"legs":"0,1182"},
		{"prop":"600,908,2,3",		"legs":"0,1182"},
		{"prop":"0,1045,0,0",		"legs":"200,1045"},
		{"prop":"0,1045,0,0",		"legs":"200,1045"},
		{"prop":"0,1045,0,0",		"legs":"200,1045"},
		{"prop":"0,360,0,0",		"legs":"200,1045"}
	]
}