{
	"animeName":"red-melo",
	"percentageMax":"0.2",
	"totalFrame":"157",
	"width":"200",
	"height":"360",
	"headHeight":"128",
	"headPosY":"99",
	"legsHeight":"100",
	"legsPosY":"260",
	"arrayFrame":[
		{"prop":"0,360,0,0",		"legs":"0,872"},
		{"prop":"0,360,0,0",		"legs":"0,872"},
		{"prop":"0,360,0,0",		"legs":"0,872"},
		{"prop":"0,360,0,0",		"legs":"0,872"},
		{"prop":"0,360,0,0",		"legs":"0,872"},
		{"prop":"0,360,0,0",		"legs":"0,872"},
		{"prop":"0,360,0,0",		"legs":"0,872"},
		{"prop":"0,360,0,0",		"legs":"0,872"},
		{"prop":"200,360,0,8",		"legs":"200,872"},
		{"prop":"200,360,0,8",		"legs":"200,872"},
		{"prop":"400,360,0,8",		"legs":"400,872"},
		{"prop":"400,360,0,8",		"legs":"400,872"},
		{"prop":"400,360,0,8",		"legs":"200,872"},
		{"prop":"600,360,0,8",		"legs":"200,872"},
		{"prop":"600,360,0,8",		"legs":"400,872"},
		{"prop":"600,360,0,8",		"legs":"400,872"},
		{"prop":"0,488,0,8",		"legs":"200,872"},
		{"prop":"0,488,0,8",		"legs":"200,872"},
		{"prop":"600,360,0,8",		"legs":"400,872"},
		{"prop":"600,360,0,8",		"legs":"400,872"},
		{"prop":"600,360,0,8",		"legs":"400,872"},
		{"prop":"400,360,0,8",		"legs":"400,872"},
		{"prop":"400,360,0,8",		"legs":"400,872"},
		{"prop":"400,360,0,8",		"legs":"400,872"},
		{"prop":"200,488,0,4",		"legs":"600,872"},
		{"prop":"200,488,0,4",		"legs":"600,872"},
		{"prop":"200,488,0,4",		"legs":"600,872"},
		{"prop":"400,488,0,4",		"legs":"600,872"},
		{"prop":"400,488,0,4",		"legs":"600,872"},
		{"prop":"600,488,0,-2",		"legs":"0,1000"},
		{"prop":"600,488,0,-1.5",		"legs":"0,1000"},
		{"prop":"600,488,0,-1",		"legs":"0,1000"},
		{"prop":"0,616,0,-0.5",		"legs":"0,872"},
		{"prop":"0,616,0,0",		"legs":"0,872"},
		{"prop":"0,616,0,0",		"legs":"0,872"},
		{"prop":"0,616,0,0",		"legs":"0,872"},
		{"prop":"0,360,0,0",		"legs":"0,872"},
		{"prop":"0,360,0,0",		"legs":"0,872"},
		{"prop":"0,360,0,0",		"legs":"0,872"},
		{"prop":"0,360,0,0",		"legs":"0,872"},
		{"prop":"0,360,0,0",		"legs":"0,872"},
		{"prop":"0,360,0,0",		"legs":"0,872"},
		{"prop":"0,360,0,0",		"legs":"0,872"},
		{"prop":"0,360,0,0",		"legs":"0,872"},
		{"prop":"0,360,0,0",		"legs":"0,872"},
		{"prop":"0,360,0,0",		"legs":"0,872"},
		{"prop":"0,360,0,0",		"legs":"0,872"},
		{"prop":"0,360,0,0",		"legs":"0,872"},
		{"prop":"0,360,0,0",		"legs":"0,872"},
		{"prop":"200,616,2,2",		"legs":"200,1000"},
		{"prop":"200,616,1.5,1.5",		"legs":"200,1000"},
		{"prop":"400,616,1,1",		"legs":"200,1000"},
		{"prop":"400,616,0.5,0.5",		"legs":"0,872"},
		{"prop":"600,616,0,0",		"legs":"0,872"},
		{"prop":"600,616,0,0",		"legs":"0,872"},
		{"prop":"600,616,0,0",		"legs":"0,872"},
		{"prop":"600,616,0,0",		"legs":"0,872"},
		{"prop":"600,616,0,0",		"legs":"0,872"},
		{"prop":"0,744,0,0",		"legs":"0,872"},
		{"prop":"0,744,0,0",		"legs":"0,872"},
		{"prop":"0,744,0,0",		"legs":"0,872"},
		{"prop":"0,744,0,0",		"legs":"0,872"},
		{"prop":"0,744,0,0",		"legs":"0,872"},
		{"prop":"200,744,-2,2",		"legs":"400,1000"},
		{"prop":"200,744,-1.35,1.35",		"legs":"400,1000"},
		{"prop":"400,744,-0.65,0.65",		"legs":"400,1000"},
		{"prop":"400,744,0,0",		"legs":"0,872"},
		{"prop":"400,744,0,0",		"legs":"0,872"},
		{"prop":"600,744,0,0",		"legs":"0,872"},
		{"prop":"600,744,0,0",		"legs":"0,872"},
		{"prop":"600,744,0,0",		"legs":"0,872"},
		{"prop":"600,744,0,0",		"legs":"0,872"},
		{"prop":"600,744,0,0",		"legs":"0,872"},
		{"prop":"600,744,0,0",		"legs":"0,872"},
		{"prop":"0,360,0,0",		"legs":"0,872"},
		{"prop":"0,360,0,0",		"legs":"0,872"},
		{"prop":"0,360,0,0",		"legs":"0,872"},
		{"prop":"0,360,0,0",		"legs":"0,872"},
		{"prop":"0,360,0,0",		"legs":"0,872"},
		{"prop":"0,360,0,0",		"legs":"0,872"},
		{"prop":"0,360,0,0",		"legs":"0,872"},
		{"prop":"0,360,0,0",		"legs":"0,872"},
		{"prop":"0,360,0,0",		"legs":"0,872"},
		{"prop":"0,360,0,0",		"legs":"0,872"},
		{"prop":"0,360,0,0",		"legs":"0,872"},
		{"prop":"0,360,0,0",		"legs":"0,872"},
		{"prop":"0,360,0,0",		"legs":"0,872"},
		{"prop":"0,360,0,0",		"legs":"0,872"},
		{"prop":"0,360,0,0",		"legs":"0,872"},
		{"prop":"0,360,0,0",		"legs":"0,872"},
		{"prop":"200,616,2,2",		"legs":"200,1000"},
		{"prop":"200,616,1.5,1.5",		"legs":"200,1000"},
		{"prop":"400,616,1,1",		"legs":"200,1000"},
		{"prop":"400,616,0.5,0.5",		"legs":"0,872"},
		{"prop":"600,616,0,0",		"legs":"0,872"},
		{"prop":"600,616,0,0",		"legs":"0,872"},
		{"prop":"600,616,0,0",		"legs":"0,872"},
		{"prop":"600,616,0,0",		"legs":"0,872"},
		{"prop":"600,616,0,0",		"legs":"0,872"},
		{"prop":"0,744,0,0",		"legs":"0,872"},
		{"prop":"0,744,0,0",		"legs":"0,872"},
		{"prop":"0,744,0,0",		"legs":"0,872"},
		{"prop":"0,744,0,0",		"legs":"0,872"},
		{"prop":"0,744,0,0",		"legs":"0,872"},
		{"prop":"200,744,-2,2",		"legs":"400,1000"},
		{"prop":"200,744,-1.35,1.35",		"legs":"400,1000"},
		{"prop":"400,744,-0.65,0.65",		"legs":"400,1000"},
		{"prop":"400,744,0,0",		"legs":"0,872"},
		{"prop":"400,744,0,0",		"legs":"0,872"},
		{"prop":"600,744,0,0",		"legs":"0,872"},
		{"prop":"600,744,0,0",		"legs":"0,872"},
		{"prop":"600,744,0,0",		"legs":"0,872"},
		{"prop":"600,744,0,0",		"legs":"0,872"},
		{"prop":"600,744,0,0",		"legs":"0,872"},
		{"prop":"600,744,0,0",		"legs":"0,872"},
		{"prop":"0,360,0,0",		"legs":"0,872"},
		{"prop":"0,360,0,0",		"legs":"0,872"},
		{"prop":"0,360,0,0",		"legs":"0,872"},
		{"prop":"0,360,0,0",		"legs":"0,872"},
		{"prop":"0,360,0,0",		"legs":"0,872"},
		{"prop":"0,360,0,0",		"legs":"0,872"},
		{"prop":"0,360,0,0",		"legs":"0,872"},
		{"prop":"0,360,0,0",		"legs":"0,872"},
		{"prop":"0,360,0,0",		"legs":"0,872"},
		{"prop":"0,360,0,0",		"legs":"0,872"},
		{"prop":"0,360,0,0",		"legs":"0,872"},
		{"prop":"0,360,0,0",		"legs":"0,872"},
		{"prop":"0,360,0,0",		"legs":"0,872"},
		{"prop":"0,360,0,0",		"legs":"0,872"},
		{"prop":"0,360,0,0",		"legs":"0,872"},
		{"prop":"0,360,0,0",		"legs":"0,872"},
		{"prop":"200,616,2,2",		"legs":"200,1000"},
		{"prop":"200,616,1.5,1.5",		"legs":"200,1000"},
		{"prop":"400,616,1,1",		"legs":"200,1000"},
		{"prop":"400,616,0.5,0.5",		"legs":"0,872"},
		{"prop":"600,616,0,0",		"legs":"0,872"},
		{"prop":"600,616,0,0",		"legs":"0,872"},
		{"prop":"600,616,0,0",		"legs":"0,872"},
		{"prop":"600,616,0,0",		"legs":"0,872"},
		{"prop":"600,616,0,0",		"legs":"0,872"},
		{"prop":"0,744,0,0",		"legs":"0,872"},
		{"prop":"0,744,0,0",		"legs":"0,872"},
		{"prop":"0,744,0,0",		"legs":"0,872"},
		{"prop":"0,744,0,0",		"legs":"0,872"},
		{"prop":"0,744,0,0",		"legs":"0,872"},
		{"prop":"200,744,-2,2",		"legs":"400,1000"},
		{"prop":"200,744,-1.35,1.35",		"legs":"400,1000"},
		{"prop":"400,744,-0.65,0.65",		"legs":"400,1000"},
		{"prop":"400,744,0,0",		"legs":"0,872"},
		{"prop":"400,744,0,0",		"legs":"0,872"},
		{"prop":"600,744,0,0",		"legs":"0,872"},
		{"prop":"600,744,0,0",		"legs":"0,872"},
		{"prop":"600,744,0,0",		"legs":"0,872"},
		{"prop":"600,744,0,0",		"legs":"0,872"},
		{"prop":"600,744,0,0",		"legs":"0,872"},
		{"prop":"600,744,0,0",		"legs":"0,872"},
		{"prop":"0,360,0,0",		"legs":"0,872"}
	]
}