{
	"animeName":"red-beat",
	"percentageMax":"0.2",
	"totalFrame":"41",
	"width":"200",
	"height":"360",
	"headHeight":"130",
	"headPosY":"97",
	"legsHeight":"100",
	"legsPosY":"260",
	"arrayFrame":[
		{"prop":"0,360,0,3",		"legs":"200,750"},
		{"prop":"200,360,0,1.5",		"legs":"200,750"},
		{"prop":"200,360,0,0",		"legs":"400,750"},
		{"prop":"400,360,0,0",		"legs":"400,750"},
		{"prop":"600,360,0,0",		"legs":"400,750"},
		{"prop":"600,360,0,0",		"legs":"400,750"},
		{"prop":"0,490,0,0",		"legs":"400,750"},
		{"prop":"0,490,0,0",		"legs":"400,750"},
		{"prop":"200,490,0,0",		"legs":"400,750"},
		{"prop":"0,360,0,4",		"legs":"200,750"},
		{"prop":"0,360,0,2.65",		"legs":"200,750"},
		{"prop":"200,360,0,1.35",		"legs":"200,750"},
		{"prop":"200,360,0,0",		"legs":"400,750"},
		{"prop":"400,360,0,0",		"legs":"400,750"},
		{"prop":"600,360,0,0",		"legs":"400,750"},
		{"prop":"600,360,0,0",		"legs":"400,750"},
		{"prop":"0,490,0,0",		"legs":"400,750"},
		{"prop":"0,490,0,0",		"legs":"400,750"},
		{"prop":"200,490,0,0",		"legs":"400,750"},
		{"prop":"0,360,0,4",		"legs":"200,750"},
		{"prop":"0,360,0,2.65",		"legs":"200,750"},
		{"prop":"200,360,0,1.35",		"legs":"200,750"},
		{"prop":"200,360,0,0",		"legs":"400,750"},
		{"prop":"400,360,0,0",		"legs":"400,750"},
		{"prop":"600,360,0,0",		"legs":"400,750"},
		{"prop":"600,360,0,0",		"legs":"400,750"},
		{"prop":"0,490,0,0",		"legs":"400,750"},
		{"prop":"0,490,0,0",		"legs":"400,750"},
		{"prop":"400,490,0,0",		"legs":"400,750"},
		{"prop":"600,490,3,8",		"legs":"600,750"},
		{"prop":"600,490,2.25,6",		"legs":"600,750"},
		{"prop":"600,490,1.5,4",		"legs":"200,750"},
		{"prop":"600,490,0.75,2",		"legs":"0,880"},
		{"prop":"0,620,0,0",		"legs":"400,750"},
		{"prop":"0,620,0,0",		"legs":"400,750"},
		{"prop":"200,620,0,0",		"legs":"400,750"},
		{"prop":"200,620,0,0",		"legs":"400,750"},
		{"prop":"400,620,0,0",		"legs":"400,750"},
		{"prop":"400,620,0,0",		"legs":"400,750"},
		{"prop":"600,620,0,0",		"legs":"400,750"},
		{"prop":"0,750,0,4",		"legs":"200,750"}
	]
}