{
	"animeName":"yellow-voice",
	"percentageMax":"0.2",
	"totalFrame":"128",
	"width":"200",
	"height":"360",
	"headHeight":"186",
	"headPosY":"36",
	"legsHeight":"112",
	"legsPosY":"248",
	"arrayFrame":[
		{"prop":"0,360,0,2",		"legs":"200,918"},
		{"prop":"0,360,0,2",		"legs":"200,918"},
		{"prop":"0,360,0,2",		"legs":"200,918"},
		{"prop":"0,360,0,2",		"legs":"200,918"},
		{"prop":"0,360,0,2",		"legs":"200,918"},
		{"prop":"0,360,0,2",		"legs":"200,918"},
		{"prop":"0,360,0,2",		"legs":"200,918"},
		{"prop":"0,360,0,2",		"legs":"200,918"},
		{"prop":"0,360,0,2",		"legs":"200,918"},
		{"prop":"0,360,0,2",		"legs":"200,918"},
		{"prop":"0,360,0,2",		"legs":"200,918"},
		{"prop":"0,360,0,2",		"legs":"200,918"},
		{"prop":"0,360,0,2",		"legs":"200,918"},
		{"prop":"0,360,0,2",		"legs":"200,918"},
		{"prop":"0,360,0,2",		"legs":"200,918"},
		{"prop":"0,360,0,2",		"legs":"200,918"},
		{"prop":"0,360,0,2",		"legs":"200,918"},
		{"prop":"0,360,0,2",		"legs":"200,918"},
		{"prop":"0,360,0,2",		"legs":"200,918"},
		{"prop":"0,360,0,2",		"legs":"200,918"},
		{"prop":"0,360,0,2",		"legs":"200,918"},
		{"prop":"0,360,0,2",		"legs":"200,918"},
		{"prop":"0,360,0,2",		"legs":"200,918"},
		{"prop":"0,360,0,2",		"legs":"200,918"},
		{"prop":"0,360,0,2",		"legs":"200,918"},
		{"prop":"0,360,0,2",		"legs":"200,918"},
		{"prop":"0,360,0,2",		"legs":"200,918"},
		{"prop":"0,360,0,2",		"legs":"200,918"},
		{"prop":"0,360,0,2",		"legs":"200,918"},
		{"prop":"0,360,0,2",		"legs":"200,918"},
		{"prop":"0,360,0,2",		"legs":"200,918"},
		{"prop":"0,360,0,2",		"legs":"200,918"},
		{"prop":"0,360,0,2",		"legs":"200,918"},
		{"prop":"0,360,0,2",		"legs":"200,918"},
		{"prop":"0,360,0,2",		"legs":"200,918"},
		{"prop":"0,360,0,2",		"legs":"200,918"},
		{"prop":"0,360,0,2",		"legs":"200,918"},
		{"prop":"0,360,0,2",		"legs":"200,918"},
		{"prop":"0,360,0,2",		"legs":"200,918"},
		{"prop":"0,360,0,2",		"legs":"200,918"},
		{"prop":"0,360,0,2",		"legs":"200,918"},
		{"prop":"0,360,0,2",		"legs":"200,918"},
		{"prop":"0,360,0,2",		"legs":"200,918"},
		{"prop":"0,360,0,2",		"legs":"200,918"},
		{"prop":"0,360,0,2",		"legs":"200,918"},
		{"prop":"0,360,0,2",		"legs":"200,918"},
		{"prop":"0,360,0,2",		"legs":"200,918"},
		{"prop":"0,360,0,2",		"legs":"200,918"},
		{"prop":"0,360,0,2",		"legs":"200,918"},
		{"prop":"0,360,0,2",		"legs":"200,918"},
		{"prop":"0,360,0,2",		"legs":"200,918"},
		{"prop":"0,360,0,2",		"legs":"200,918"},
		{"prop":"0,360,0,2",		"legs":"200,918"},
		{"prop":"0,360,0,2",		"legs":"200,918"},
		{"prop":"0,360,0,2",		"legs":"200,918"},
		{"prop":"0,360,0,2",		"legs":"200,918"},
		{"prop":"0,360,0,2",		"legs":"200,918"},
		{"prop":"0,360,0,2",		"legs":"200,918"},
		{"prop":"0,360,0,2",		"legs":"200,918"},
		{"prop":"0,360,0,2",		"legs":"200,918"},
		{"prop":"0,360,0,2",		"legs":"200,918"},
		{"prop":"0,360,0,2",		"legs":"200,918"},
		{"prop":"0,360,0,2",		"legs":"200,918"},
		{"prop":"0,360,0,2",		"legs":"200,918"},
		{"prop":"0,360,0,2",		"legs":"200,918"},
		{"prop":"0,360,0,2",		"legs":"200,918"},
		{"prop":"0,360,0,2",		"legs":"200,918"},
		{"prop":"0,360,0,2",		"legs":"200,918"},
		{"prop":"0,360,0,2",		"legs":"200,918"},
		{"prop":"0,360,0,2",		"legs":"200,918"},
		{"prop":"0,360,0,2",		"legs":"200,918"},
		{"prop":"0,360,0,2",		"legs":"200,918"},
		{"prop":"0,360,0,2",		"legs":"200,918"},
		{"prop":"0,360,0,2",		"legs":"200,918"},
		{"prop":"0,360,0,2",		"legs":"200,918"},
		{"prop":"0,360,0,2",		"legs":"200,918"},
		{"prop":"0,360,0,2",		"legs":"200,918"},
		{"prop":"0,360,0,2",		"legs":"200,918"},
		{"prop":"0,360,0,2",		"legs":"200,918"},
		{"prop":"0,360,0,2",		"legs":"200,918"},
		{"prop":"0,360,0,2",		"legs":"200,918"},
		{"prop":"0,360,0,2",		"legs":"200,918"},
		{"prop":"0,360,0,2",		"legs":"200,918"},
		{"prop":"0,360,0,2",		"legs":"200,918"},
		{"prop":"0,360,0,2",		"legs":"200,918"},
		{"prop":"0,360,0,2",		"legs":"200,918"},
		{"prop":"0,360,0,2",		"legs":"200,918"},
		{"prop":"0,360,0,2",		"legs":"200,918"},
		{"prop":"0,360,0,2",		"legs":"200,918"},
		{"prop":"0,360,0,2",		"legs":"200,918"},
		{"prop":"0,360,0,2",		"legs":"200,918"},
		{"prop":"0,360,0,2",		"legs":"200,918"},
		{"prop":"200,360,0,-2",		"legs":"400,918"},
		{"prop":"200,360,0,-2",		"legs":"400,918"},
		{"prop":"400,360,0,-2",		"legs":"400,918"},
		{"prop":"400,360,0,-2",		"legs":"400,918"},
		{"prop":"400,360,0,-2",		"legs":"400,918"},
		{"prop":"400,360,0,-2",		"legs":"400,918"},
		{"prop":"600,360,0,-2",		"legs":"400,918"},
		{"prop":"600,360,0,-2",		"legs":"400,918"},
		{"prop":"600,360,0,-2",		"legs":"400,918"},
		{"prop":"0,546,0,-2",		"legs":"400,918"},
		{"prop":"0,546,0,-2",		"legs":"400,918"},
		{"prop":"200,546,0,6",		"legs":"600,918"},
		{"prop":"200,546,0,6",		"legs":"600,918"},
		{"prop":"200,546,0,6",		"legs":"600,918"},
		{"prop":"400,546,0,6",		"legs":"600,918"},
		{"prop":"400,546,0,6",		"legs":"600,918"},
		{"prop":"400,546,0,6",		"legs":"600,918"},
		{"prop":"400,546,0,6",		"legs":"600,918"},
		{"prop":"600,546,0,6",		"legs":"600,918"},
		{"prop":"600,546,0,6",		"legs":"600,918"},
		{"prop":"600,546,0,6",		"legs":"600,918"},
		{"prop":"600,546,0,6",		"legs":"600,918"},
		{"prop":"0,732,0,6",		"legs":"600,918"},
		{"prop":"0,732,0,6",		"legs":"600,918"},
		{"prop":"0,732,0,6",		"legs":"600,918"},
		{"prop":"200,732,0,-4",		"legs":"400,918"},
		{"prop":"200,732,0,-2.5",		"legs":"400,918"},
		{"prop":"400,732,0,-1",		"legs":"200,918"},
		{"prop":"400,732,0,0.5",		"legs":"200,918"},
		{"prop":"400,732,0,2",		"legs":"200,918"},
		{"prop":"400,732,0,2",		"legs":"200,918"},
		{"prop":"600,732,0,2",		"legs":"200,918"},
		{"prop":"600,732,0,2",		"legs":"200,918"},
		{"prop":"0,918,0,2",		"legs":"200,918"},
		{"prop":"0,918,0,2",		"legs":"200,918"},
		{"prop":"0,360,0,2",		"legs":"200,918"}
	]
}