{
	"animeName":"yellow-beat",
	"percentageMax":"0.2",
	"totalFrame":"164",
	"width":"200",
	"height":"360",
	"headHeight":"166",
	"headPosY":"34",
	"legsHeight":"112",
	"legsPosY":"248",
	"arrayFrame":[
		{"prop":"0,360,0,-4",		"legs":"400,1688"},
		{"prop":"0,360,0,-4",		"legs":"400,1688"},
		{"prop":"0,360,0,-4",		"legs":"400,1688"},
		{"prop":"0,360,0,-4",		"legs":"400,1688"},
		{"prop":"0,360,0,-4",		"legs":"400,1688"},
		{"prop":"0,360,0,-4",		"legs":"400,1688"},
		{"prop":"0,360,0,-4",		"legs":"400,1688"},
		{"prop":"0,360,0,-4",		"legs":"400,1688"},
		{"prop":"200,360,0,6",		"legs":"600,1688"},
		{"prop":"200,360,0,6",		"legs":"600,1688"},
		{"prop":"200,360,0,6",		"legs":"600,1688"},
		{"prop":"400,360,0,6",		"legs":"600,1688"},
		{"prop":"400,360,0,6",		"legs":"600,1688"},
		{"prop":"600,360,0,-2",		"legs":"0,1854"},
		{"prop":"600,360,0,-2",		"legs":"0,1854"},
		{"prop":"0,526,0,-2",		"legs":"0,1854"},
		{"prop":"0,526,0,-2",		"legs":"0,1854"},
		{"prop":"0,526,0,-2",		"legs":"0,1854"},
		{"prop":"0,526,0,-2",		"legs":"0,1854"},
		{"prop":"0,526,0,-2",		"legs":"0,1854"},
		{"prop":"0,526,0,-2",		"legs":"0,1854"},
		{"prop":"0,526,0,-2",		"legs":"0,1854"},
		{"prop":"0,526,0,-2",		"legs":"0,1854"},
		{"prop":"0,526,0,-2",		"legs":"0,1854"},
		{"prop":"0,526,0,-2",		"legs":"0,1854"},
		{"prop":"0,526,0,-2",		"legs":"0,1854"},
		{"prop":"0,526,0,-2",		"legs":"0,1854"},
		{"prop":"200,526,0,6",		"legs":"600,1688"},
		{"prop":"200,526,0,6",		"legs":"600,1688"},
		{"prop":"200,526,0,6",		"legs":"600,1688"},
		{"prop":"400,526,0,6",		"legs":"600,1688"},
		{"prop":"400,526,0,6",		"legs":"600,1688"},
		{"prop":"600,526,0,0",		"legs":"0,1854"},
		{"prop":"600,526,0,0",		"legs":"0,1854"},
		{"prop":"0,692,0,0",		"legs":"0,1854"},
		{"prop":"0,692,0,0",		"legs":"0,1854"},
		{"prop":"0,692,0,0",		"legs":"0,1854"},
		{"prop":"0,692,0,0",		"legs":"0,1854"},
		{"prop":"0,692,0,0",		"legs":"0,1854"},
		{"prop":"0,692,0,0",		"legs":"0,1854"},
		{"prop":"0,692,0,0",		"legs":"0,1854"},
		{"prop":"0,692,0,0",		"legs":"0,1854"},
		{"prop":"0,692,0,0",		"legs":"0,1854"},
		{"prop":"0,692,0,0",		"legs":"0,1854"},
		{"prop":"0,692,0,0",		"legs":"0,1854"},
		{"prop":"0,692,0,0",		"legs":"0,1854"},
		{"prop":"0,692,0,0",		"legs":"0,1854"},
		{"prop":"0,692,0,0",		"legs":"0,1854"},
		{"prop":"0,692,0,0",		"legs":"0,1854"},
		{"prop":"200,692,0,6",		"legs":"600,1688"},
		{"prop":"200,692,0,6",		"legs":"600,1688"},
		{"prop":"200,692,0,6",		"legs":"600,1688"},
		{"prop":"400,692,0,6",		"legs":"600,1688"},
		{"prop":"400,692,0,6",		"legs":"600,1688"},
		{"prop":"600,692,0,4",		"legs":"200,1854"},
		{"prop":"600,692,0,4",		"legs":"200,1854"},
		{"prop":"0,858,0,4",		"legs":"200,1854"},
		{"prop":"0,858,0,4",		"legs":"200,1854"},
		{"prop":"0,858,0,4",		"legs":"200,1854"},
		{"prop":"0,858,0,4",		"legs":"200,1854"},
		{"prop":"0,858,0,4",		"legs":"200,1854"},
		{"prop":"0,858,0,4",		"legs":"200,1854"},
		{"prop":"0,858,0,4",		"legs":"200,1854"},
		{"prop":"0,858,0,4",		"legs":"200,1854"},
		{"prop":"0,858,0,4",		"legs":"200,1854"},
		{"prop":"0,858,0,4",		"legs":"200,1854"},
		{"prop":"0,858,0,4",		"legs":"200,1854"},
		{"prop":"0,858,0,4",		"legs":"200,1854"},
		{"prop":"200,858,0,8",		"legs":"600,1688"},
		{"prop":"200,858,0,8",		"legs":"600,1688"},
		{"prop":"200,858,0,8",		"legs":"600,1688"},
		{"prop":"400,858,0,8",		"legs":"600,1688"},
		{"prop":"400,858,0,8",		"legs":"600,1688"},
		{"prop":"600,858,0,7",		"legs":"400,1854"},
		{"prop":"600,858,0,7",		"legs":"400,1854"},
		{"prop":"0,1024,0,7",		"legs":"400,1854"},
		{"prop":"0,1024,0,7",		"legs":"400,1854"},
		{"prop":"0,1024,0,7",		"legs":"400,1854"},
		{"prop":"0,1024,0,7",		"legs":"400,1854"},
		{"prop":"0,1024,0,7",		"legs":"400,1854"},
		{"prop":"0,1024,0,7",		"legs":"400,1854"},
		{"prop":"0,1024,0,7",		"legs":"400,1854"},
		{"prop":"0,1024,0,7",		"legs":"400,1854"},
		{"prop":"0,1024,0,7",		"legs":"400,1854"},
		{"prop":"0,1024,0,7",		"legs":"400,1854"},
		{"prop":"0,1024,0,7",		"legs":"400,1854"},
		{"prop":"0,1024,0,7",		"legs":"400,1854"},
		{"prop":"0,1024,0,7",		"legs":"400,1854"},
		{"prop":"0,1024,0,7",		"legs":"400,1854"},
		{"prop":"0,1024,0,7",		"legs":"400,1854"},
		{"prop":"200,1024,0,9",		"legs":"600,1688"},
		{"prop":"200,1024,0,9",		"legs":"600,1688"},
		{"prop":"200,1024,0,9",		"legs":"600,1688"},
		{"prop":"400,1024,0,9",		"legs":"600,1688"},
		{"prop":"400,1024,0,9",		"legs":"600,1688"},
		{"prop":"600,1024,0,9",		"legs":"600,1688"},
		{"prop":"600,1024,0,9",		"legs":"600,1688"},
		{"prop":"0,1190,0,9",		"legs":"600,1688"},
		{"prop":"0,1190,0,9",		"legs":"600,1688"},
		{"prop":"0,1190,0,9",		"legs":"600,1688"},
		{"prop":"0,1190,0,9",		"legs":"600,1688"},
		{"prop":"0,1190,0,9",		"legs":"600,1688"},
		{"prop":"0,1190,0,9",		"legs":"600,1688"},
		{"prop":"0,1190,0,9",		"legs":"600,1688"},
		{"prop":"0,1190,0,9",		"legs":"600,1688"},
		{"prop":"0,1190,0,9",		"legs":"600,1688"},
		{"prop":"0,1190,0,9",		"legs":"600,1688"},
		{"prop":"0,1190,0,9",		"legs":"600,1688"},
		{"prop":"0,1190,0,9",		"legs":"600,1688"},
		{"prop":"200,1190,0,12",		"legs":"600,1854"},
		{"prop":"200,1190,0,12",		"legs":"600,1854"},
		{"prop":"200,1190,0,12",		"legs":"600,1854"},
		{"prop":"400,1190,0,12",		"legs":"600,1854"},
		{"prop":"400,1190,0,12",		"legs":"600,1854"},
		{"prop":"600,1190,0,12",		"legs":"600,1854"},
		{"prop":"600,1190,0,12",		"legs":"600,1854"},
		{"prop":"0,1356,0,12",		"legs":"600,1854"},
		{"prop":"0,1356,0,12",		"legs":"600,1854"},
		{"prop":"0,1356,0,12",		"legs":"600,1854"},
		{"prop":"0,1356,0,12",		"legs":"600,1854"},
		{"prop":"0,1356,0,12",		"legs":"600,1854"},
		{"prop":"0,1356,0,12",		"legs":"600,1854"},
		{"prop":"0,1356,0,12",		"legs":"600,1854"},
		{"prop":"0,1356,0,12",		"legs":"600,1854"},
		{"prop":"0,1356,0,12",		"legs":"600,1854"},
		{"prop":"0,1356,0,12",		"legs":"600,1854"},
		{"prop":"0,1356,0,12",		"legs":"600,1854"},
		{"prop":"0,1356,0,12",		"legs":"600,1854"},
		{"prop":"0,1356,0,12",		"legs":"600,1854"},
		{"prop":"0,1356,0,12",		"legs":"600,1854"},
		{"prop":"0,1356,0,12",		"legs":"600,1854"},
		{"prop":"200,1356,0,15",		"legs":"0,2020"},
		{"prop":"200,1356,0,15",		"legs":"0,2020"},
		{"prop":"200,1356,0,15",		"legs":"0,2020"},
		{"prop":"400,1356,0,15",		"legs":"0,2020"},
		{"prop":"400,1356,0,15",		"legs":"0,2020"},
		{"prop":"600,1356,0,15",		"legs":"0,2020"},
		{"prop":"600,1356,0,15",		"legs":"0,2020"},
		{"prop":"0,1522,0,15",		"legs":"0,2020"},
		{"prop":"0,1522,0,15",		"legs":"0,2020"},
		{"prop":"0,1522,0,15",		"legs":"0,2020"},
		{"prop":"0,1522,0,15",		"legs":"0,2020"},
		{"prop":"0,1522,0,15",		"legs":"0,2020"},
		{"prop":"0,1522,0,15",		"legs":"0,2020"},
		{"prop":"0,1522,0,15",		"legs":"0,2020"},
		{"prop":"0,1522,0,15",		"legs":"0,2020"},
		{"prop":"0,1522,0,15",		"legs":"0,2020"},
		{"prop":"0,1522,0,15",		"legs":"0,2020"},
		{"prop":"0,1522,0,15",		"legs":"0,2020"},
		{"prop":"0,1522,0,15",		"legs":"0,2020"},
		{"prop":"200,1522,0,12",		"legs":"600,1854"},
		{"prop":"200,1522,0,12",		"legs":"600,1854"},
		{"prop":"200,1522,0,12",		"legs":"600,1854"},
		{"prop":"400,1522,0,12",		"legs":"600,1854"},
		{"prop":"400,1522,0,12",		"legs":"600,1854"},
		{"prop":"600,1522,0,-8",		"legs":"400,1688"},
		{"prop":"600,1522,0,-8",		"legs":"400,1688"},
		{"prop":"0,1688,0,0",		"legs":"0,1854"},
		{"prop":"0,1688,0,0",		"legs":"0,1854"},
		{"prop":"0,1688,0,0",		"legs":"0,1854"},
		{"prop":"0,1688,0,0",		"legs":"0,1854"},
		{"prop":"200,1688,0,-4",		"legs":"400,1688"},
		{"prop":"200,1688,0,-4",		"legs":"400,1688"},
		{"prop":"200,1688,0,-4",		"legs":"400,1688"}
	]
}